"¥19,800",【GUCCI / グッチ】1881年、イタリアのフィレンツェにて「グッチオ・グッチ」が生誕、1923年にフィレンツェのパリネオ通りにイギリスから輸入した鞄とその修理業として「GUCCI」1号店をオープンし、2代目の「パオロ・グッチ」により高級ブランドとしての名声に火がついた。GUCCIはブランドの元祖と呼ばれ、世界で初めて品質保持のため、デザイナーの名前を商品に入れるなど奇抜なアイディアとともに事業を拡大していった。その後、敏腕デザイナーのトム・フォードを陣営に加えると「G」のロゴを前面に露出したモノグラムシリーズなどを展開し、一気にその名を確立した。現在ではグッチグループは、既にグッチ家の手を離れており、フランスを本拠地とする流通会社PPR(元Pinault-Printemps-Redoute)の傘下にある。グッチ・グループには、グッチ以外にも、イヴ・サンローラン、ブシュロン、セルジオ・ロッシ、バレンシアガ、ボッテガ・ベネタなどのブランドがある。,"
          GUCCI
        "
"¥177,989",「在庫確認ナシでご購入」可能です。一日に数回在庫チェックをしています。万が一入れ違いで売り切れた場合はバイマより全額返金がございますのでご安心ください。できるだけスムーズにお買い物いただけるようにCiaoItaliaでは工夫をしています。,"
          GUCCI
        "
"¥39,800",■サイズ：ベルトの長さS(2-4 YEARS)・・・50ｃｍM(4-6 YEARS)・・・60ｃｍL(6-8 YEARS)・・・70ｃｍ（63~71㎝）ベルト穴は5つあり、調節可能画像のモデルは9号サイズ、ウエストサイズは64㎝、Lサイズ着用でベルト穴1~2つ分の余裕があります。幅2.5cm■素材：レザー■カラー：革はBlackバックルがsilverとgoldから選べます。イタリア製,"
          GUCCI
        "
"¥138,000",※ご注文後買い付けとなります※【サイズ】約本体 : 縦16cm 横27cm マチ5.5cm | ショルダーベルト : 110cm]長財布が入る大きさです。【素材】レザー【仕様】開閉方式 : マグネット | 内側 : ファスナーポケット×1 オープンポケット×1■付属品■*GUCCI保存袋*GUCCIショッパー＊お写真の見え方によっても若干実際と異なる場合もあります。なにとぞご容赦くださいませ。,"
          GUCCI
        "
"¥95,700","","
          GUCCI
        "
"¥92,000",※ご注文前に必ずお問い合わせください。カラー：①レッド	②ブラック	③ピンク	④グレーサイズ：幅19cm×高さ11cm×マチ4cm510314CAO0G※PCのディスプレイによって色味が異なって見える場合があります。,"
          GUCCI
        "
"¥29,900",　■サイズ：約 8 ×11色　黒色　付属品　保存袋　箱また、正規品かご不安な方　御安心くださいませバイマには　無料の鑑定サービスがありますうえ、日本ブティックでの国内メンテナンスも可能です,"
          GUCCI
        "
"¥28,800",※実店舗と在庫を共有し常に在庫が変動しているため、ご注文後であっても商品をご用意が出来ない場合がございますので在庫確認をして頂ければ素早く対応いたします。■製品名 : グッチ オーバーサイズ■サイズ: 	前面長 142mm横 55mm縦 51mmブリッジ 20mmtample長さ 145mm※色・サイズについて商品の画像は、お使いのＰＣ環境等により、画像の色が実物と多少異なって見える場合がございます。ご注文の際には、必ず色とサイズをご記入頂けますようにお願い致します。メーカーや商品モデルによっては、サイズ感や履き心地が異なってくる場合もございますので、予めご了承くださいませ。,"
          GUCCI
        "
"¥53,900",オープン：幅11 x 高さ17.5 cmクローズ：幅11 x 高さ8.5 x マチ3 cm,"
          GUCCI
        "
"¥131,000",内側：ボタン付きポケット x 1外側：ポケット x 1ショルダーストラップ（ストラップの高さ：約60 cm）ジップ クロージャー幅22.5 x 高さ14 x マチ7 cm在庫状況は日々変動いたしますのでご注文前にお問い合わせ頂けますようお願い致します。また在庫なしと記載の場合でもお取り寄せ可能な場合もございますのでお気軽にお問い合わせ下さい。,"
          GUCCI
        "
"¥39,402","","
          GUCCI
        "
"¥134,900",＊＊＊当方はBUYMA認定のプレミアムパーソナルショッパーです＊＊＊バイマアワード２０１６年 受賞https://www.buyma.com/contents/award/※在庫変動が激しいため、ご注文前のお問い合わせをすすめいたします。カラー：①〜③サイズ：幅約17.5 x 高さ約12 x マチ約5.5 cm調節可能なショルダーストラップ（ストラップの高さ：約60 cm）素材：GGスプリーム キャンバス品番：①517350 96IWS 8745 ②517350 96IWN 4076 ③517350 UULAG 9682 付属品：ショッパー#ジップ クロージャー#グッチのカードケース ウォレットを収納できます。#別のバッグに取り付けることができるキーリング付き#幅約79 x 高さ163 x 厚さ8 mmまでの大きさのスマートフォンを収納できます。#幅約78 x 高さ約162 x 厚さ約8 mmまでの大きさのスマートフォンを収納できます。#フロント ジップポケット#インナーオープンポケット【ルイヴィトンはこちら】https://www.buyma.com/r/-F1/%E3%83%AB%E3%82%A4%E3%83%B4%E3%82%A3%E3%83%88%E3%83%B3%20winwin&co/【グッチはこちら】https://www.buyma.com/r/-F1/%E3%82%B0%E3%83%83%E3%83%81%20winwin&co/【プラダはこちら】https://www.buyma.com/r/-F1/%E3%83%97%E3%83%A9%E3%83%80%20winwin&co/【バレンシアガはこちら】https://www.buyma.com/r/-F1/%E3%83%90%E3%83%AC%E3%83%B3%E3%82%B7%E3%82%A2%E3%82%AC%E3%80%80winwin&co/【winwin&coの一押しアイテム】https://www.buyma.com/r/-C1001F1/winwin&co/※PCのディスプレイによって色味が異なって見える場合があります。※在庫はリアルタイムではないため、〇となっていてもない場合もあります。　逆に×になっていてもある場合もありますのでお気軽にお問い合わせください。※在庫状況により買い付け先や発送地、お値段が変わる場合があります。,"
          GUCCI
        "
"¥139,160",＊＊＊当方はBUYMA認定のプレミアムパーソナルショッパーです＊＊＊バイマアワード２０１６年 受賞https://www.buyma.com/contents/award/※ご注文前の在庫確認にご協力をお願いします。品番：619749　KWT6N　1060カラー : ブラック付属品：ショッパー☆out☆【ルイヴィトンはこちら】https://www.buyma.com/r/-F1/%E3%83%AB%E3%82%A4%E3%83%B4%E3%82%A3%E3%83%88%E3%83%B3%20winwin&co/【グッチはこちら】https://www.buyma.com/r/-F1/%E3%82%B0%E3%83%83%E3%83%81%20winwin&co/【プラダはこちら】https://www.buyma.com/r/-F1/%E3%83%97%E3%83%A9%E3%83%80%20winwin&co/【バレンシアガはこちら】https://www.buyma.com/r/-F1/%E3%83%90%E3%83%AC%E3%83%B3%E3%82%B7%E3%82%A2%E3%82%AC%E3%80%80winwin&co/【winwin&coの一押しアイテム】https://www.buyma.com/r/-C1001F1/winwin&co/※PCのディスプレイによって色味が異なって見える場合があります。,"
          GUCCI
        "
"¥46,600",グリーン+3000円となっております。配送方法からDeutsche Post (グリーン追加料金)+3000円を必ずお選びください。ご不明な点などございましたら、ご遠慮なくお問い合わせください。品番：598167、　615525付属品：グッチ箱、保存袋ショッパーはお付けできません。・ブティック及び手元に在庫がある場合：１〜5日ほどで発送しております。お取り寄せになる場合：発送まで１週間〜２週間ほどお時間頂いております。（土日、祝日を除く）・再入荷待ちの場合２〜４週間ほどお時間いただく場合もございますので、ご注文前に在庫状況確認お願い致します。・アウトレット商品です。・革製品の表面には筋、色の濃淡、微妙な質感の違い、シワの深さや大小など天然のレザーの特徴がみられます。アウトレット商品はわずかなシワやすれ跡、ポケットや金具によるアタリなどあることもあります。予めご了承ください。付属品は購入時期によって異なります。,"
          GUCCI
        "
"¥56,000","","
          GUCCI
        "
"¥148,700","","
          GUCCI
        "
"¥55,000",★カラーLight Mint★素材Cotton 71% Polyester 29% ★サイズワンサイズWidth:11 cm Height:8.5 cm Depth:3 cm ★仕様グッチのオフィディアラインは、新しいスタイルと鮮やかな色合いで再構築されています。このスモールウォレットは、ベージュのキャンバス地にグッチのジャンボGGシグネチャーをあしらったものです。パステルグリーンのコントラストレザーでトリミングされ、オープンポケット1つ、ジップポケット1つ、カードスロット5つを備えた折りたたみ式デザインです。フロントにはゴールドのメタルGGプレートがあしらわれています。イタリア製,"
          GUCCI
        "
"¥178,900",モデルの身長：約178cm; モデルのサイズ：バスト80cm、ウエスト57cm、ヒップ87cmチェーンショルダーストラップ（ストラップの高さ：60 cm、長さ：123〜133 cm）。クロスボディバッグとしてもご使用いただけます。ジップトップ クロージャー重さ：約0.394 kgスモールサイズ：幅24 x 高さ13 x マチ7 cm,"
          GUCCI
        "
"¥27,400","","
          GUCCI
        "
"¥95,990",☆ブランド☆GUCCI/グッチ☆品番☆643858H9HKN☆サイズ☆W13センチ×H18センチ×D5センチ（ショルダー＝（約）75センチ〜135センチほどで長さ調整可能。）☆素材☆GGナイロン☆カラー☆ブラック(1000)☆仕様☆内部にはポケットなしショルダーストラップは長さ調整可能/取り外し不可☆付属品☆保存袋/専用ボックス/ショッパー【発送スケジュールのご案内】ご注文いただきました際の発送スケジュールにおきましては出品者からのお知らせ欄にてご確認いただけますようお願いいたします。↓　↓    ↓https://www.buyma.com/buyer/1031976.html商品は日本国内からのご配送とさせていただいております。送料＆関税等のご負担は一切ございませんのでご安心くださいませ。☆★☆ご注文前のご確認をお願いします。☆★☆＊商品は100％本物新品でございます。私自身がすべてブランドの直営ブティックおよび直営アウトレットにて買い付けしました商品でございますが縫製など海外での検品基準と日本国内とでは一流ブランドといえ雲泥の差がございますため、とても甘い場合がございます。大変に勝手ながら神経質な方のご検討ご購入はご遠慮いただきますようよろしくお願いいたします。商品のご発送の際は十分に検品させていただきました後梱包、発送を心がけさせていただいております。＊万が一、お届けいたしました商品に問題がございました場合は大変に恐縮ながら、商品到着後2日以内に問題のございました箇所の画像と一緒にお問い合わせ欄よりご連絡くださいませ。代替の商品がございます場合はそちらをご発送させていただきますがご用意が難しい場合は速やかにキャンセルお手続きをさせていただきます。重ね重ねお手数ですが着払いにてお送りしました商品をご返品くださいませ。以下の場合におきましてはご返品できませんのでご了承くださいませ。★商品到着後2日が経過した場合★使用された場合★汚れ、傷等発送時と異なる場合（発送時の梱包は商品に傷等つきませぬよう配慮した梱包をこころがけております。）★商品タグ等付属していた場合のそのタグをはずした場合や紛失された場合,"
          GUCCI
        "
"¥31,800",※S、M、Lサイズは現在、買い付け中でございます。発送までに１０〜１５日程度かかる見込みとなっておりますのでご了承ください。★在庫表記〇の商品はご注文前に在庫の確認をお願い致します。★当ページの「おしらせ」をお読みいただますようお願いいたします。https://www.buyma.com/buyer/7355214.html※初期不良等が不安な方はこちらをご活用ください。　バイマの「あんしんプラス」へのご加入を強くおすすめいたします。　https://qa.buyma.com/buy/hosho/5201.html,"
          GUCCI
        "
"¥28,490",【グッチ ファッション サングラス お取扱い一覧　】https://www.buyma.com/r/_GUCCI-%E3%82%B0%E3%83%83%E3%83%81/-B1113067F1/%E3%82%B5%E3%83%B3%E3%82%B0%E3%83%A9%E3%82%B9/【その他お洒落なブランドサングラスはこちらから！】https://www.buyma.com/r/-B1113067/%E3%82%B5%E3%83%B3%E3%82%B0%E3%83%A9%E3%82%B9/カラー 	フレーム：ブラックレンズ：グレー可視光線透過率 	13％素材 	フレーム：プラスチックレンズ：プラスチックテンプル：プラスチック紫外線透過率：1％以下サイズ 	レンズ：約5.5×4.7cmブリッジ：約18mmテンプル：約14.5cm横幅：約13.9cm付属品 	説明書、専用ケース（いずれかになりカラーは選択できません）※入荷時期や仕様変更により付属する物やカラー・デザインが画像と異なる場合がございます。備考 	※国内正規品※モニタの環境によって、実物と画像の色味が多少異なって見える場合がございます。※商品は新品ですが製造過程に生じる細かな傷やスレなどある場合がございます。※ご注文商品が売り切れる場合がございます。ご注文後に在庫の有無をメールでご案内差し上げますので、あらかじめご了承ください。,"
          GUCCI
        "
"¥25,000","","
          GUCCI
        "
"¥143,000",※これらの在庫は常に変動しているため必ずご購入前にお問い合わせをお願い致します。【素材】・ベージュ＆エボニー GGスプリーム キャンバス（環境に配慮した製法による素材）・ブラウン レザー トリム・ゴールドトーン ハードウェア・モアレ＆スエードのような風合いのマイクロファイバー ライニング・ホースビット ディテール・ショルダーストラップ（ストラップの高さ：50 cm）・マグネット クロージャー・幅18 x 高さ12 x マチ5 cm・メイド・イン・イタリー・モデルの身長：約186cm・重さ：約268 g,"
          GUCCI
        "
"¥22,572",ブラックは現在、買い付け中でございます。発送までに１０〜１５日程度かかる見込みとなっておりますのでご了承ください。★在庫表記〇の商品はご注文前に在庫の確認をお願い致します。★当ページの「おしらせ」をお読みいただますようお願いいたします。https://www.buyma.com/buyer/7355214.html※初期不良等が不安な方はこちらをご活用ください。　バイマの「あんしんプラス」へのご加入を強くおすすめいたします。　https://qa.buyma.com/buy/hosho/5201.html,"
          GUCCI
        "
"¥42,800",★在庫表記〇の商品はご注文前に在庫の確認をお願い致します。★当ページの「おしらせ」をお読みいただますようお願いいたします。https://www.buyma.com/buyer/7355214.html※初期不良等が不安な方はこちらをご活用ください。　バイマの「あんしんプラス」へのご加入を強くおすすめいたします。　https://qa.buyma.com/buy/hosho/5201.html,"
          GUCCI
        "
"¥176,800","人気商品のため、在庫が少なくなっております。お早めにご検討くださいませ。ご購入前に、お問合せフォームより在庫のお問合せをいただけると安心です。【製品仕様】幅約16 x 高さ約20 x マチ約7 cmハンドルの高さ：約7 cm取り外し可能なショルダーストラップ（ストラップの高さ：約56 cm）重さ：約435 gメイド・イン・イタリー内側にカードスロット x 1【カラー】■EXQUISITE GUCCI プリント（699406 FAAWA 9782）GGスプリーム キャンバスベージュ＆ブルー GGスプリーム キャンバス トリムにイエロー＆レッド ディテールヴィスコース ライニング＜ご注文方法＞配送方法変更→プラス17,000円の配送方法をご選択の上、ご決済へお進みくださいませ。■キャメル＆エボニー（699406 UKMDG 2570）ジャンボ GGキャンバスブラウン レザー トリムグリーン/レッド/グリーン ウェブ ストライプコットンリネン ライニング＜ご注文方法＞配送方法変更→プラス6,000円の配送方法をご選択の上、ご決済へお進みくださいませ。■ベージュー＆エボニー（671623 92TCG 8563）GGスプリーム キャンバスブラウン レザー ディテールコットンリネン ライニングインターロッキングG オーバル レザータグ■ベージュー＆ブルー　（671623 K9GSN 4075）GGスプリーム キャンバスブルー レザー ディテールコットンリネン ライニングインターロッキングG オーバル レザータグ■ベージュー＆ホワイト（671623 UULBT 9683）GGスプリーム キャンバスオートミール レザー トリムコットンリネン ライニングインターロッキングG オーバル レザータグ■ブルー＆アイボリー　（671623 2KQGT 8375）GGデニム ジャカードブラウン レザー トリムコットンリネン ライニングインターロッキングG オーバル レザータグ★その他出品商品はこちら★https://www.buyma.com/buyer/10342321.html★GUCCI 他商品はこちら★https://www.buyma.com/r/_GUCCI-%E3%82%B0%E3%83%83%E3%83%81/-B10342321/★レディース ショルダーバッグ・ポシェットの他商品はこちら★https://www.buyma.com/r/-C3105B10342321/★レディース バッグ・カバンの他商品はこちら★https://www.buyma.com/r/-C2106B10342321/★レディース 財布 キーケース カードケース 名刺ケース はこちら★https://www.buyma.com/r/-C2114B10342321/","
          GUCCI
        "
"¥123,000",＊＊＊当方はBUYMA認定のプレミアムパーソナルショッパーです＊＊＊バイマアワード２０１６年 受賞https://www.buyma.com/contents/award/※在庫変動が激しいため、ご注文前のお問い合わせをすすめいたします。カラー：ブルー品番：5173502KQGG8375付属品：ショッパー☆out☆サイズ約横17.5cm×縦12cm×幅5.5cm、ショルダーの長さ：約135-155cm（斜めがけ可）【ルイヴィトンはこちら】https://www.buyma.com/r/-F1/%E3%83%AB%E3%82%A4%E3%83%B4%E3%82%A3%E3%83%88%E3%83%B3%20winwin&co/【グッチはこちら】https://www.buyma.com/r/-F1/%E3%82%B0%E3%83%83%E3%83%81%20winwin&co/【プラダはこちら】https://www.buyma.com/r/-F1/%E3%83%97%E3%83%A9%E3%83%80%20winwin&co/【バレンシアガはこちら】https://www.buyma.com/r/-F1/%E3%83%90%E3%83%AC%E3%83%B3%E3%82%B7%E3%82%A2%E3%82%AC%E3%80%80winwin&co/【winwin&coの一押しアイテム】https://www.buyma.com/r/-C1001F1/winwin&co/※PCのディスプレイによって色味が異なって見える場合があります。※在庫はリアルタイムではないため、〇となっていてもない場合もあります。　逆に×になっていてもある場合もありますのでお気軽にお問い合わせください。※在庫状況により買い付け先や発送地、お値段が変わる場合があります。,"
          GUCCI
        "
"¥136,125",【商品名】GUCCI（グッチ） グッチシマ マイクロGG トートバッグ【製品仕様】・素材：マイクログッチシマレザー・サイズ：バッグ … 幅 34.0-45.0 cm × 高さ 26.0 cm × 奥行き 16.0 cm（※持ち手高さ：19.0cm）・金具：シルバー・仕様：マグネットスナップ式開閉　ファスナーポケット×1、オープンポケット×2　ダブルハンドル【付属品】・保護袋,"
          GUCCI
        "
"¥59,222",色；ダークブラック×ダークブラックサイズ；約19×10cm仕様；札入れ×2/カード入×13/ファスナー式小銭入×1/内ポケット×5付属品；コントロールカード付きです。美しいグッチの純正化粧箱も付いていますので、毎日がんばっている自分へのご褒美にも、大切な人へのプレゼントにも最適です。GUCCI純正化粧箱は、GUCCI主任デザイナーの、アレッサンドロ・ミケーレ氏がデザインした新バージョンで、とてもゴージャスで上品な作りになっております。(画像12枚目をご参照下さいませ)素材；GUCCI 最高級本革カーフレザー 　マイクロGG グッチシマ GUCCISSIMA★日本未入荷品です★★全国のGUCCI正規店でアフターサービスが受けられます★,"
          GUCCI
        "
"¥60,000","カラー＆素材：ブラック、オフホワイト、イエロー＆　レザー仔牛革仕様：ホック式開閉　　内　側：カードポケット6,札入れ1,ポケット2 　外側：ZIP式小銭入れ1付属品： 保存袋、専用箱　　　　ご配送方法：ヤマト便ショッパー付きは　+紙袋","
          GUCCI
        "
"¥43,362",★在庫表記〇の商品はご注文前に在庫の確認をお願い致します。★当ページの「おしらせ」をお読みいただますようお願いいたします。https://www.buyma.com/buyer/7355214.html※初期不良等が不安な方はこちらをご活用ください。　バイマの「あんしんプラス」へのご加入を強くおすすめいたします。　https://qa.buyma.com/buy/hosho/5201.html,"
          GUCCI
        "
"¥44,700",ブラックxグリーン縦約11センチ、横約11.5センチ、厚み3cm手寸法の為誤差はご了承ください。,"
          GUCCI
        "
"¥33,900",幅4 x 高さ14.5 cm,"
          GUCCI
        "
"¥58,800",素材：グレインレザー商品番号：367762 AHM00 ◆こちらの商品はご注文後、当方最寄りの直営アウトレット店で買付致します。買付・梱包・発送準備に3〜5日前後頂きます。直営店に在庫がなかった場合は他店舗よりお取り寄せできる場合がございますがその場合は1〜2週間かかる場合がございます。買付後、分かり次第改めてご連絡させて頂きます。■《海外エコノミー便送料込)発送通知より10〜20日で到着します。（経由国の情勢・気候・通関などで稀に予想以上に遅れる場合がございますが予めご了承くださいませ。）■《DHL国際宅配エキスプレス便》発送通知より5〜9日で到着します。（＊ご利用のご予定、プレゼント用等、お急ぎの方へはこちらがおすすめ確実です。）■海外発送ですので、基本的にショッパー側での返品、交換は受付しておりません。『バイマの返品補償制度（あんしんプラス任意加入）』　　をご利用くださいませ。対象外商品もありますので対象商品であるかの有無は商品ページを確認してください。■【関税について】こちらの商品につきましては海外発送となりますので、関税が発生した場合にはお客様のご負担となります。商品代金の約8〜10%（革靴15%〜20%）課税と聞いておりますが関税の有無については出品者側でコントロールできる内容のものではございませんので、上記ご理解いただけますようお願いいたします。 ,"
          GUCCI
        "
"¥28,500",チェーンの長さ50cm　　ペンダントのサイズ13 mm x 12mm,"
          GUCCI
        "
"¥114,900",幅14.5 x 高さ18 x マチ6 cm,"
          GUCCI
        "
"¥56,800",※ブラック、ベージュは現在、買い付け中でございます。発送までに１０〜１５日程度かかる見込みとなっておりますのでご了承ください。★在庫表記〇の商品はご注文前に在庫の確認をお願い致します。★当ページの「おしらせ」をお読みいただますようお願いいたします。https://www.buyma.com/buyer/7355214.html※初期不良等が不安な方はこちらをご活用ください。　バイマの「あんしんプラス」へのご加入を強くおすすめいたします。　https://qa.buyma.com/buy/hosho/5201.html,"
          GUCCI
        "
"¥198,000",※ご注文前に必ずお問い合わせください。♡カラー♡722319a7m0g1000①レッド6523②ローズベージュ（カメリア）2754③ブラック1000♡サイズ（約、cm）♡幅21cm x 高さ15cm x マチ7cmストラップの高さ：55cm♡素材♡レザー♡仕様♡ライトゴールドトーン ハードウェアレザータッセルインターロッキングGエンボス ディテール携帯用インナーポケット＆インナーオープンポケットジップトップ開閉式コットンリネンライニング斜めがけできる調節可能レザーストラップ♡お写真の見え方によっても若干実際と異なる場合もあります。なにとぞご容赦くださいませ。※ご不明な点はご注文の前に必ずお問い合わせ下さい＞＜,"
          GUCCI
        "
"¥131,200",「付属品」GUCCIブランド保存袋ブランドコントロールカード499621 DJ2DG 8454GUCCI HANDBAG OPHIDIA DOLLAR PIGRPINTレザーイタリア製＊こちらの商品につきましては海外発送となりますので、関税が発生した場合にはお客様のご負担となります。関税については商品の素材や価格などによって税関側で課税額を都度算出することとなりますので、個別の商品に関する課税の有無や税額については私から事前に正確なご案内をすることができかねてしまいます。ご要望に沿えず申し訳ございませんが、上記ご理解いただけますと幸いです。※関税については、BUYMAのヘルプページもご参照ください。▼関税の金額を知りたいhttp://qa.buyma.com/buy/3105.html＊＊関税はsmartlondonが決めることでも指定することでもないので、関税にかかったから知らなかったからと言って不満と評価するのは、ご遠慮ください。,"
          GUCCI
        "
"¥114,770",大きさおよそ40cm×32cm×マチ22cmGucciアウトレットブティックより、現地セール価格でご案内いたします。ご質問などございます際には、いつでもお気軽にご連絡ください。※ご購入前にお読みください。・直営店・正規店の正規品のみ買付け致します。・複数点ご購入ご希望の際には割引いたします。ご購入前にお問い合わせくださいませ。・万が一関税が請求された場合バイマの規定により購入者様のご負担となります。・海外からの配送いたしますので、基本的には返品、交換はお受けできません。・送料代金ご負担軽減のため、場合によっては箱・ショッパーズや箱が同封できない場合がございます。ご希望の場合にはご注文の際に別途ご連絡お願いします。・コンピュータの利用環境により、色が違って見える場合がございます。・迅速な配送を心がけておりますが、配送の時期、交通事情、関税等で表記期間より配送にお時間を頂く場合がございます。(12300959),"
          GUCCI
        "
"¥139,800",【サイズ】ONE SIZEチェーン ショルダーストラップ（ストラップの高さ：60 cm）このアイテムは、高さ69 x 幅147 x 厚さ7 mmまでのスマートフォンにご利用いただけますこのアイテムにはグッチのカードケース ウォレットを収めることができます重さ：約0.35 kgスーパーミニサイズ：幅16.5 x 高さ9.5 x マチ4.5 cm【素材】ベージュ レザー ディテール付き ベージュ シェブロン キルティングレザー＜＜お願い＞＞こちらのお品は大変人気のため、在庫の変動が激しくなっております。お手数ですがご注文前に在庫のお問い合わせをお願い致します。また在庫なしと記載の場合でもお取り寄せ可能な場合もございますのでお気軽にお問い合わせ下さい。,"
          GUCCI
        "
"¥46,700",ブラックxブルー,"
          GUCCI
        "
"¥31,680","","
          GUCCI
        "
"¥29,611",　■サイズ：約 8 ×11色　黒色　付属品　保存袋　箱また、正規品かご不安な方　御安心くださいませバイマには　無料の鑑定サービスがありますうえ、日本ブティックでの国内メンテナンスも可能です,"
          GUCCI
        "
"¥74,000",★ヒューシャピンクは在庫確保済みです。　国内より即日発送致します。★ライトブルーはご注文後、買付けを行います。お問い合わせより在庫確認をお願い致します。★ショッパーは付属しておりません。　ご了承下さいませ。・測定値には誤差が生じる場合があります。・お客様のＰＣ環境によって、色味や明るさが異なって見える場合がございます。,"
          GUCCI
        "
"¥134,000",ショルダーストラップ（ストラップの高さ：50 cm）マグネット クロージャー幅18 x 高さ12 x マチ5 cm重さ：約268 g在庫状況は日々変動いたしますのでご注文前にお問い合わせ頂けますようお願い致します。また在庫なしと記載の場合でもお取り寄せ可能な場合もございますのでお気軽にお問い合わせ下さい。,"
          GUCCI
        "
"¥61,200",ウエスト・腰位置と着用になる位置によって、サイズ感は異なります。着用位置も考慮しサイズをお選びくださいベルト幅：４ cm★在庫切れ中の７０ｃｍ、７５ｃｍも入荷予定あり！！！ご予約承ります,"
          GUCCI
        "
"¥134,377",「在庫確認ナシでご購入」可能です。万が一入れ違いで売り切れた場合はバイマより全額返金がございますのでご安心ください。各サイズの詳細は海外のブティックでは採寸ができなくなっております。お手数をかけますがご自身にて直営店にてお尋ね・試着をいただきますようおねがいいたします。                                        Ciao Italia では世界中から注文が殺到していますので売り切れるのも早いです。できるだけスムーズにお買い物いただけるようにCiaoItaliaでは工夫をしています。一般的なサイズ変換でモデルやブランドによって独自のサイズがあります。こちらのサイズに記載しているものは一般的なサイズ変換となっています。必ず、ご購入前に正規店にてお調べいただきますようお願いいたします。,"
          GUCCI
        "
"¥48,114",[付属品]ブランド箱、ブランド保存袋、ブランド取り扱い説明書【商品詳細】GUCCI MEN WALLET610467 CA02N レザー【仕様】カードx9枚、定期、写真X1枚、紙幣x1枚、（日本札が入れ可）オープンポケットx1枚、小銭入紙幣X1枚イタリア製,"
          GUCCI
        "
"¥49,800",※ご注文前に必ずお読み下さい。 ●ご注文前の在庫確認のお問い合わせ 当店は買付済の商品を販売しております。  手元に在庫がございますのでご注文前の在庫のお問い合わせは不要です。 ご注文確定後にお客様用の在庫確保を行いますので、在庫確認のお問合せは無しでご注文下さい。 (ご入金前は仮注文の為、お品物の在庫確認・確保は行っておりません。)  (一部メーカー取り寄せ品を含みます。その場合、メーカーへ在庫確認し後程ご連絡致します。) ●在庫の欠品  在庫有り表示【○】時にご注文いただいた場合でも、他サイトでも販売しております為、ご注文確定後にタイムラグによる欠品となる場合がございます。  欠品の場合、当店からキャンセルのご連絡後、全額BUYMA様よりご返金されます。 ●返品・交換・商品について詳しくは【お取引について】に記載しております。ご注文前に必ずお読み下さい。 ●営業時間 10:00?17:00(土日祝を除く) ※BUYMAルール上、双方間での直接のやり取りは禁止となっております。 お問い合わせは全てお取引画面よりメールにてお願い致します。 ,"
          GUCCI
        "
"¥45,362",大きさは、約10.6×10.7cmです。 内容は、札入れ2・コインケース１・カードいれ4・内ポケット2です。素材は、最高級本革カーフとGGキャンバスです。付属品は、GUCCI純正化粧箱とGUCCIコントロールカードが付いております。世界全国のGUCCI正規店でアフターサービスが受けられます。GUCCI純正化粧箱は、GUCCI主任デザイナーの、アレッサンドロ・ミケーレ氏がデザインした新バージョンで、とてもゴージャスで上品な作りになっております。(画像17枚目をご参照下さいませ)出品者本人が、イタリアのGUCCI正規店で購入した正規品です。イタリアより安心な小包（追跡番号付き）でお送りいたします♪　誠実・迅速な対応を心掛けておりますので、よろしくお願いいたします。ご質問等がございましたら、お気軽にお問い合わせ下さいませ。,"
          GUCCI
        "
"¥139,900",「付属品」ブランド保存袋、ブランド取り扱い説明書、GUCCI HANDBAG DOLLAR CARF 品番：607720 CAO0G 1000　色：ブラックサイズ：18-22㎝、14.5㎝、8.5㎝ストラップ52cm（ドロップ)、取り外し可能注意：サイズは、測定方法測る人により1-2㎝誤差がある場合がありますので、品番で検索するようにします。【仕様】内部ジップポケットx1コンパートメントx3,"
          GUCCI
        "
"¥25,800",色；ダークブラック×ダークブラックサイズ；約9.5×6cm仕様；6連キーケース付属品；コントロールカード付きです。美しいグッチの純正化粧箱、グッチ化粧袋(キーケースを保護するGUCCIロゴ入りの化粧袋・画像8枚目)も付いていますので、毎日がんばっている自分へのご褒美にも、大切な人へのプレゼントにも最適です。GUCCI純正化粧箱は、GUCCI主任デザイナーの、アレッサンドロ・ミケーレ氏がデザインした新バージョンで、とてもゴージャスで上品な作りになっております。(画像9枚目をご参照下さいませ)お色はブラックでございます。素材；GUCCI 最高級本革カーフレザー 　マイクロGG グッチシマ GUCCISSIMA★日本未入荷品です★★全国のGUCCI正規店でアフターサービスが受けられます★,"
          GUCCI
        "
"¥60,200",カードスロット x 7、紙幣入れ x 1インナージップポケットスナップ クロージャー幅11 x 高さ11.5 x マチ3.5 cm※Dusty Pinkのお色味はお写真よりベージュ色が強いお色になります。,"
          GUCCI
        "
"¥35,120",・ブランドGUCCI（グッチ）・シリーズSUNGLASSES（サングラス アイウエア）・品番とカラーGG0396S-001（写真3）フレーム：ゴールドレンズ：トランスペアレント（透明）可視光線透過率 94％GG0396S-002（写真7）フレーム：ゴールドレンズ：グリーングラデーション可視光線透過率 49％GG0396S-003（写真13）フレーム：ゴールドレンズ：オレンジグラデーション可視光線透過率 55％・サイズレンズ：約5.6×4.9cmブリッジ：約18mmテンプル：約14.0cm横幅：約13.6cm・素材フレーム：ニッケル合金レンズ：プラスチックテンプル：ニッケル合金・紫外線透過率：1％以下・付属品ギャランティーカード、クロス、ロゴ入り巾着袋、ケリングジャパン取扱い説明書、専用ケース（いずれかになりカラーは選択できません）※デザイン・カラー・付属品等の仕様変更により掲載情報と異なる場合がございます。※国内正規品※モニタの環境によって、実物と画像の色味が多少異なって見える場合がございます。※商品は新品ですが製造過程に生じる細かな傷やスレなどある場合がございます。,"
          GUCCI
        "
"¥76,131",【付属品】ブランド保存袋ブランド取り扱い説明書ブランド箱449246 BMJ1N/1000W21xH13xD4 cmイタリア製,"
          GUCCI
        "
"¥29,800",・ブランドGUCCI（グッチ）・シリーズSUNGLASSES（サングラス）・品番とカラーGG0563SKN-001（写真3〜）フレーム：ブラックレンズ：グレー※テンプルのラインがブラックGG0563SKN-003（写真9〜）フレーム：ブラックレンズ：グレー※テンプルのラインがグリーンがかった色・可視光線透過率：12％・サイズレンズ：約5.5×4.6cmブリッジ：約21mmテンプル：約15.0cm横幅：約14.0cm・素材レンズ：プラスチックレンズわく：プラスチック・紫外線透過率：1％以下・付属品ギャランティカード、ケリングジャパン取扱い説明書、GUCCIロゴ入り巾着袋、クロス、専用ケース（いずれかになりカラーは選択できません）※デザイン・カラー・付属品等の仕様変更により掲載情報と異なる場合がございます。・備考※国内正規品※モニタの環境によって、実物と画像の色味が多少異なって見える場合がございます。※商品は新品ですが製造過程に生じる細かな傷やスレなどある場合がございます。※ご注文商品が売り切れる場合がございます。,"
          GUCCI
        "
"¥106,821",[付属品]ブランド保存袋、ブランド取り扱い説明書【商品詳細】GUCCI TOTE BAG 449169 KY9KN 9886レザー&キャンバス【仕様】イタリア製,"
          GUCCI
        "
"¥19,602",カラー001フレーム：ブラックレンズ：グレー可視光線透過率	9％002フレーム：ハバナレンズ：グリーン可視光線透過率	12％003フレーム：ブラックレンズ：パープルグレー可視光線透過率	31％素材	フレーム：プラスチックレンズ：プラスチック紫外線透過率：1％以下サイズ	レンズ：約5.6×5.3cmブリッジ：約18mmテンプル：約15cm横幅：約14.0cm,"
          GUCCI
        "
"¥35,084",【サイズ】・・・S 57.0cm【サイズ】・・・M 58.0cm【サイズ】・・・L 59.0cm【サイズ】・・・XL60.0cm ※上記は実寸ではなく公式表記のサイズとなります。ツバ長さ:7.0cm※後頭部はゴムで伸びます,"
          GUCCI
        "
"¥39,800","","
          GUCCI
        "
"¥53,800",●大人気商品のため在庫が少ない場合もございます。ご購入前にお問合せから在庫のご確認をお願いいたします。●ギフトラッピング、ショッパーのご希望承っております。（お品物によってはご対応出来かねてしまう場合もございますので、事前にご連絡くださいませ）【財布・キーケース・マネークリップ一覧はこちら】https://www.buyma.com/r/-C2114-C2208B9620410F1/【GUCCI（グッチ）アイテム一覧はこちら】https://www.buyma.com/r/_GUCCI-%E3%82%B0%E3%83%83%E3%83%81/-B9620410/【サイズ】幅約12.5 x 高さ約8 x マチ約2.5 cm【素材】レザーレジン ハードウェアモアレ ライニング(ブラック)【商品の特徴】ダブルGジップ クロージャーメイド・イン・イタリー＊＊＊＊＊＊＊＊＊＊＊＊＊＊取引実績：1500件以上フォロワー：1000名様以上満足度：99.9％ ブランド別ショッパーランキング：1位多数獲得バイヤー歴10年以上＊＊＊＊＊＊＊＊＊＊＊＊＊＊・・・・・安心の国内発送（関税負担なし）・・・・・海外在住ショッパーからご購入の場合、お品物受け取り時に高額な関税がかかるケースが多いのですが、当店では国内発送となりますので関税のご負担がございません。また、国内の厳しい基準で検品されたお品物になりますので安心してお買い物をお楽しみいただけます。●日本国内からの発送となりますのですぐにお手元に届きます。お急ぎの場合はできる限りご希望に添えるようお手配をさせて頂きますのでご購入前にお問合せくださいませ。受注後すぐに手配させていただきますが、お取り寄せの場合は発送まで1週間前後お時間をいただく場合もございます。●バイマあんしんプラスへのご加入バイマあんしんプラスにご加入頂くと輸送時の万が一の破損や紛失も補償されます。また、サイズが合わなかった・イメージ違いなどの理由でもBUYMAが返品受付をしていますので是非ご検討ください。※返品は一部商品詳細： https://www.buyma.com/contents/safety/anshin.html,"
          GUCCI
        "
"¥186,000",＊＊＊当方はBUYMA認定のプレミアムパーソナルショッパーです＊＊＊バイマアワード２０１６年 受賞https://www.buyma.com/contents/award/※在庫状況は日々変動いたしますのでご注文前にお問い合わせいただくとスムーズです。カラー：①〜⑥サイズ：FREE SIZE素材：レザー（本革）品番：607722◆大きさ・幅26 高さ19 マチ10 持ち手高さ7 （cm)◆素材・仕様・レザー・金具：ゴールド・開閉：ジップ・内側：ジップポケット×1 オープンポケット×1・ショルダー高さ：約50ー56cm（取り外し・調節可）付属品：ショッパー★out★【ルイヴィトンはこちら】https://www.buyma.com/r/-F1/%E3%83%AB%E3%82%A4%E3%83%B4%E3%82%A3%E3%83%88%E3%83%B3%20winwin&co/【グッチはこちら】https://www.buyma.com/r/-F1/%E3%82%B0%E3%83%83%E3%83%81%20winwin&co/【プラダはこちら】https://www.buyma.com/r/-F1/%E3%83%97%E3%83%A9%E3%83%80%20winwin&co/【バレンシアガはこちら】https://www.buyma.com/r/-F1/%E3%83%90%E3%83%AC%E3%83%B3%E3%82%B7%E3%82%A2%E3%82%AC%E3%80%80winwin&co/【winwin&coの一押しアイテム】https://www.buyma.com/r/-C1001F1/winwin&co/※PCのディスプレイによって色味が異なって見える場合があります。,"
          GUCCI
        "
"¥62,953",「在庫確認ナシでご購入」可能です。一日に数回在庫チェックをしています。万が一入れ違いで売り切れた場合はバイマより全額返金がございますのでご安心ください。できるだけスムーズにお買い物いただけるようにCiaoItaliaでは工夫をしています。,"
          GUCCI
        "
"¥33,660","","
          GUCCI
        "
"¥71,500",人気商品のため、在庫が少なくなっております。お早めにご検討くださいませ。ご購入前に、お問合せフォームより在庫のお問合せをいただけると安心です。【ハート】648848 20QAS 8570ベージュ＆エボニー GGスプリーム キャンバス（環境に配慮した製法による素材）GUCCI ロゴ付き 3D ハート ディテールヴィスコース ライニングカードスロット x 5フラットポケット x 2ジップポケット x 1インナーオープンポケットスナップ クロージャークローズ：幅11 x 高さ8.5 x マチ3 cmオープン：幅11 x 高さ17.5 cmメイド・イン・イタリー【チェリー】476050 K9GXT 8694GGスプリーム キャンバス（環境に配慮した製法による素材）に、ハイビスカスレッド レザー トリムクリスタル付き チェリー(さくらんぼ) アクセサリーカードスロット x 5ジップ コンパートメント x 1紙幣入れ x 1スナップ クロージャーオープン：幅11 x 高さ17.5 cmクローズ：幅11 x 高さ8.5 x マチ3 cmメイド・イン・イタリー【ストロベリー】726247 FABB0 8659ベージュ＆エボニー GGスプリーム キャンバスブラック レザーの種のディテールゴールドトーン＆ラッカーフィニッシュ ハードウェアラッカーフィニッシュのダブルG ストロベリーカードスロット x 5内側：ジップポケット x 1、オープンポケット x 1クローズ：幅約11 x 高さ約8.5 x マチ約3 cmオープン：幅約11 x 高さ約17.5 cmメイド・イン・イタリー★その他出品商品はこちら★https://www.buyma.com/buyer/10342321.html★GUCCI 他商品はこちら★https://www.buyma.com/r/_GUCCI-%E3%82%B0%E3%83%83%E3%83%81/-B10342321/★レディース 財布 キーケース カードケース 名刺ケース はこちら★https://www.buyma.com/r/-C2114B10342321/★レディース バッグ はこちら★https://www.buyma.com/r/-C2106B10342321/★レディース ピアス リング ネックレス ブレスレット ブローチ ヘアクリップ はこちら★https://www.buyma.com/r/-C2107B10342321/★レディース スマホケース AirPodsケース はこちら★https://www.buyma.com/r/-C2909B10342321/★レディース 帽子 はこちら★https://www.buyma.com/r/-C2117B10342321/	★レディース 雑貨 マフラー ストール スカーフ ベルトはこちら★https://www.buyma.com/r/-C2109B10342321/,"
          GUCCI
        "
"¥21,900",【グッチ ファッション サングラス お取扱い一覧　】https://www.buyma.com/r/_GUCCI-%E3%82%B0%E3%83%83%E3%83%81/-B1113067F1/%E3%82%B5%E3%83%B3%E3%82%B0%E3%83%A9%E3%82%B9/【その他お洒落なブランドサングラスはこちらから！】https://www.buyma.com/r/-B1113067/%E3%82%B5%E3%83%B3%E3%82%B0%E3%83%A9%E3%82%B9/カラー 	フレーム：ブラックレンズ：グレーグラデーション可視光線透過率 	15%素材 	レンズ：プラスチックレンズわく：プラスチックテンプル：プラスチック紫外線透過率：1％以下サイズ 	レンズ：約縦5.1cm×横5.7cmブリッジ：約18mmテンプル：約14.5cm付属品 	説明書、専用ケース（いずれかになりカラーは選択できません）※入荷時期や仕様変更により付属する物やカラー・デザインが画像と異なる場合がございます。備考 	※国内正規品※モニタの環境によって、実物と画像の色味が多少異なって見える場合がございます。※商品は新品ですが製造過程に生じる細かな傷やスレなどある場合がございます。※ご注文商品が売り切れる場合がございます。ご注文後に在庫の有無をメールでご案内差し上げますので、あらかじめご了承ください。,"
          GUCCI
        "
"¥82,962",【商品名】GUCCI（グッチ） GGキャンバス メッセンジャーバッグ【製品仕様】・サイズ：約 高さ 30.0cm×横幅 28.0cm×奥行き 3.0cm (ショルダーの長さ：約142cm)・素材：GGキャンバス×レザー・金具：シルバー・仕様：ファスナー開閉式　　　　外側…ジップポケット×1　　　　内側…ジップポケット×1【付属品】・保護袋,"
          GUCCI
        "
"¥47,200",ブラックxグリーン,"
          GUCCI
        "
"¥72,000",★安心国内発送させていただきます♪★関税はゼロです！！（海外発送の場合、高額の関税がかかることがございますが当店はかかりません）■サイズ本体サイズ：約 13×25-27×12(H×W×D 単位cm)ウエストストラップ長さ：約60-106cm 長さ調節可 本体重量：約315g■カラーBLACK■素材本体：GGナイロン/レザー■スペックダブルファスナー式開閉/内側：オープンポケット×1/外側：ファスナーポケット×1,"
          GUCCI
        "
"¥67,200",人気商品のため、在庫が少なくなっております。お早めにご検討くださいませ。ご購入前に、お問合せフォームより在庫のお問合せをいただけると安心です。【製品仕様】シェブロン キルティングレザーモアレ ライニングダブルGカードスロット x 5フラットポケット x 2ジップポケット x 1紙幣入れ x 1スナップ クロージャークローズ：幅約11 x 高さ約8.5 x マチ約3 cmオープン：幅約11 x 高さ約17.5 cmメイド・イン・イタリー【パターン】■セージグリーン品番：466492 DTDHT 3408■ベージュ品番：466492 DTD1T 5729■ブラック品番：466492 DTD1T 1000■ローズベージュ品番：466492 AABZK 2754■ピンクラウンド＆バーティカル キルティングレザー品番：466492 AABZN 6707★その他出品商品はこちら★https://www.buyma.com/buyer/10342321.html★GUCCI グッチその他商品はこちら★	https://www.buyma.com/r/_GUCCI-%E3%82%B0%E3%83%83%E3%83%81/-B10342321/★レディース バッグ はこちら★	https://www.buyma.com/r/-C2106B10342321/★レディース 財布 キーケース カードケース 名刺ケース はこちら★	https://www.buyma.com/r/-C2114B10342321/★レディース 靴 シューズ はこちら★	https://www.buyma.com/r/-C2105B10342321/★レディース ピアス リング ネックレス ブレスレット ブローチ ヘアクリップ はこちら★	https://www.buyma.com/r/-C2107B10342321/★レディース スマホケース AirPodsケース はこちら★	https://www.buyma.com/r/-C2909B10342321/★レディース ワンピース はこちら★	https://www.buyma.com/r/-C2103B10342321/★レディース トップス はこちら★	https://www.buyma.com/r/-C2101B10342321/★レディース ボトムス はこちら★	https://www.buyma.com/r/-C2102B10342321/★レディース 帽子 はこちら★	https://www.buyma.com/r/-C2117B10342321/★レディース 雑貨 マフラー ストール スカーフ ベルトはこちら★https://www.buyma.com/r/-C2109B10342321/★レディース アイウェア はこちら★https://www.buyma.com/r/-C2108B10342321/★ビューティー（メイクアップ、ボディ・ハンド・フットケア、香水・フレグランス） はこちら★https://www.buyma.com/r/-C1003B10342321/,"
          GUCCI
        "
"¥25,600","","
          GUCCI
        "
"¥126,900",「付属品は」ブランド保存袋、ブランド取り扱い説明書【商品詳細】MICROGUCCI SSIMA SOFT TOTE BAG 449647 BMJ1G 1000サイズ：26x34〜45cm×15cm重さ：705g内側ジップポケットx１枚、ポケットx2枚,"
          GUCCI
        "
"¥30,000",＊＊＊当方はBUYMA認定のプレミアムパーソナルショッパーです＊＊＊バイマアワード２０１６年 受賞https://www.buyma.com/contents/award/※在庫変動が激しいため、ご注文前のお問い合わせをすすめいたします。カラー：マルチカラーサイズ：お好きなサイズをお選びください品番：656573656573 3HAC2 5972　ピンク656573 3HAC2 9278　アイボリー付属品：ショッパーMサイズ　57cmLサイズ　58cm☆out☆#アイボリーGGツイストかぎ針編みフック#アイボリーレザートリム#イタリア製【ルイヴィトンはこちら】https://www.buyma.com/r/-F1/%E3%83%AB%E3%82%A4%E3%83%B4%E3%82%A3%E3%83%88%E3%83%B3%20winwin&co/【グッチはこちら】https://www.buyma.com/r/-F1/%E3%82%B0%E3%83%83%E3%83%81%20winwin&co/【プラダはこちら】https://www.buyma.com/r/-F1/%E3%83%97%E3%83%A9%E3%83%80%20winwin&co/【バレンシアガはこちら】https://www.buyma.com/r/-F1/%E3%83%90%E3%83%AC%E3%83%B3%E3%82%B7%E3%82%A2%E3%82%AC%E3%80%80winwin&co/【winwin&coの一押しアイテム】https://www.buyma.com/r/-C1001F1/winwin&co/※PCのディスプレイによって色味が異なって見える場合があります。※在庫はリアルタイムではないため、〇となっていてもない場合もあります。　逆に×になっていてもある場合もありますのでお気軽にお問い合わせください。※在庫状況により買い付け先や発送地、お値段が変わる場合があります。,"
          GUCCI
        "
"¥26,780",カラー：0702 シルバーサイズ：約1x0.9cm素材：スターリングシルバー付属品：専用箱　コントロールカード・画像は光の加減などにより実物の色と異なる場合がございます。・実店舗でも販売しております都合上、品切れとなる場合もございます。,"
          GUCCI
        "
"¥114,200",☆【関税・消費税】込みですのでご安心ください！☆実寸サイズとなります。測り方により若干の誤差が生じる場合がござます。予めご了承ください。☆お手元のパソコン環境等により、実物と若干の色の違い等がある場合がございます。在庫は日々変動しており、よりスムーズなお取引のために、ご注文前に一度在庫のお問い合わせをいただけると幸いです。なお、在庫が少ないため、在庫確認後、早めのご注文をお勧めいたします。-----------------------------------------------------★GUCCI (グッチ)を下のURLから検索することができます。★https://www.buyma.com/r/_GUCCI-%E3%82%B0%E3%83%83%E3%83%81/-B6662707/-----------------------------------------------------★ブランド : GUCCI (グッチ)★STYLE : 682357 K5RLN 1095 /  /  /  / ★色BLACK 682357 K5RLN 1095    ★商品詳細・フロント ジップポケット付きのスモール メッセンジャーバッグ・ブラック/グレー GGスプリーム キャンバス（環境に配慮した製法による素材）に、ブラック レザー トリム・ブルー/レッド/ブルー ウェブ ストライプ・パラジウムトーン ハードウェア・フロント ジップポケット・調節可能なナイロン ストラップ（ストラップの高さ：55 cm）・ジップ クロージャー・幅14.5 x 高さ18 x マチ6 cm・コットンリネン ライニング・イタリア製,"
          GUCCI
        "
"¥59,202",※ご注文前に必ずお読み下さい。 ●お取引について●→　https://www.buyma.com/buyer/841549/post/337736.html●ラッピング当店では無料ラッピングを行っておりません。ご希望の場合は商品ご購入後、別途下記ページよりラッピング資材をご注文くださいませ。→　https://www.buyma.com/item/50428780/※ネクタイのみリボン掛けを無料で行っております。ご希望の場合、購入時の連絡事項欄に、ラッピング希望の旨をご記載くださいませ。●在庫の有無在庫有り表示が【◎】または【○】であれば手元に在庫がございます。ご注文確定後にお客様用の在庫確保を行いますので、在庫確認のお問合せは不要でございます。※ご入金前は仮注文の為、お品物の在庫確認・確保は行っておりません。※一部メーカー取り寄せ品を含みます。その場合、メーカーへ在庫確認し後程ご連絡致します。●タイムラグによる欠品他サイトでも販売しております為、ご注文確定後にタイムラグによる欠品となる場合がございます。 欠品の場合、当店からキャンセルのご連絡後、全額BUYMA様よりご返金されます。 ●返品・交換・商品について詳しくは【お取引について】に記載しております。ご注文前に必ずお読み下さい。 →　https://www.buyma.com/buyer/841549/post/349424.html●付属品について商品ページ内の【付属品】の項目に記載がある物、またはお写真にて掲載がされている物は付属しております。記載が無い場合は輸入時より付属がない為、お付けしておりません。輸入品のため、箱・保存袋に傷や汚れ、入荷時期や製造時期により商品の細かな仕様やデザインが変更になる場合がございます。並行輸入の特性上、ギャランティカード等の紙タグが一部不足している場合がございます事、ご了承下さい。商品についてご不明な点ございましたらお気軽にお問合せくださいませ。●営業時間 10:00〜17:00(土日祝を除く) ※BUYMAルール上、双方間での直接のやり取りは禁止となっております。 お問い合わせは全てお取引画面よりメールにてお願い致します。,"
          GUCCI
        "
"¥109,500",★GUCCI★ 510336 バックパックショッパーはお付けできません。・アウトレット商品です。・革製品の表面には筋、色の濃淡、微妙な質感の違い、シワの深さや大小など天然のレザーの特徴がみられます。アウトレット商品はわずかなシワやすれ跡、ポケットや金具によるアタリなどあることもあります。予めご了承ください。付属品は購入時期によって異なります。,"
          GUCCI
        "
"¥33,900",＊＊＊当方はBUYMA認定のプレミアムパーソナルショッパーです＊＊＊バイマアワード２０１６年 受賞https://www.buyma.com/contents/award/※在庫変動が激しいため、ご注文前のお問い合わせをすすめいたします。カラー：グレー、ベージュ、ホワイト付属品：ボックス、ショッパーオープン時： 幅17.5cm x 高さ9.5cmクローズ時： 幅6.5cm x 高さ9.5cm x マチ2cm（マチが広いのでスマートキーなど厚みがあるものも収納できます。　※収納したいキーのサイズのご確認をお願いいたします。）45611817WEN1711※最終お値下げ品です。多少の傷汚れなど気にならない方におすすめです。☆out☆【ルイヴィトンはこちら】https://www.buyma.com/r/-F1/%E3%83%AB%E3%82%A4%E3%83%B4%E3%82%A3%E3%83%88%E3%83%B3%20winwin&co/【グッチはこちら】https://www.buyma.com/r/-F1/%E3%82%B0%E3%83%83%E3%83%81%20winwin&co/【プラダはこちら】https://www.buyma.com/r/-F1/%E3%83%97%E3%83%A9%E3%83%80%20winwin&co/【バレンシアガはこちら】https://www.buyma.com/r/-F1/%E3%83%90%E3%83%AC%E3%83%B3%E3%82%B7%E3%82%A2%E3%82%AC%E3%80%80winwin&co/【winwin&coの一押しアイテム】https://www.buyma.com/r/-C1001F1/winwin&co/※PCのディスプレイによって色味が異なって見える場合があります。※在庫はリアルタイムではないため、〇となっていてもない場合もあります。　逆に×になっていてもある場合もありますのでお気軽にお問い合わせください。※在庫状況により買い付け先や発送地、お値段が変わる場合があります。,"
          GUCCI
        "
